shipping_mode,shipping_gap_days
Second Class,1.9908280327124035
First Class,1.0
Same Day,0.4782787306151792
Standard Class,-0.004092731457420744
